Title,Price,Location,Link
Surrey luxury 3 level townhouse 3 bed plus Den,"$3,900",Surrey,https://vancouver.craigslist.org/rds/apa/d/surrey-surrey-luxury-level-townhouse/7804869665.html
Laneway house,"$2,100",East vancouver,https://vancouver.craigslist.org/van/apa/d/vancouver-laneway-house/7801400388.html
"Luxury Vinyl Plank Flooring, Pet Friendly, 1 bedroom","$2,475","1371 Blackwood Street, White Rock, BC",https://vancouver.craigslist.org/rds/apa/d/white-rock-luxury-vinyl-plank-flooring/7796777211.html
"Microwave, Pendant Lighting, Pet Wash Station","$3,586","303 E Pender St, Vancouver, BC",https://vancouver.craigslist.org/van/apa/d/vancouver-microwave-pendant-lighting/7802982212.html
JUST LIST!! SFU 1 Bedroom Apartment to Rent,"$2,300",Burnaby,https://vancouver.craigslist.org/bnc/apa/d/burnaby-just-list-sfu-bedroom-apartment/7803322165.html
JUST LIST!  SFU 1 Bedroom Apartment for Rent,"$2,300",Burnaby,https://vancouver.craigslist.org/bnc/apa/d/burnaby-just-list-sfu-bedroom-apartment/7803318387.html
1 Bed 1 Bath Richmond 1 bedroom 1 bathroom Richmond,"$2,290",Richmond,https://vancouver.craigslist.org/rch/apa/d/richmond-bed-bath-richmond-bedroom/7802600283.html
One Bedroom Basement,"$1,400",Surrey,https://vancouver.craigslist.org/rds/apa/d/surrey-one-bedroom-basement/7804868987.html
"2/BD 2/BA, Playground, Quartz Countertops","$3,495","333 E 11th Ave, Vancouver, BC",https://vancouver.craigslist.org/van/apa/d/vancouver-bd-ba-playground-quartz/7798569988.html
2 Bedroom 1 Bathroom For Rent AVAILABLE,"$2,300",Fleetwood - 15848 Fraser highway Surrey,https://vancouver.craigslist.org/rds/apa/d/surrey-northeast-bedroom-bathroom-for/7804868546.html
*FURNISHED* 1 BED 1 BATH 1 DEN 1 PARKING 24HR CONCIERGE+AMENITIES,"$3,100",Vancouver,https://vancouver.craigslist.org/van/apa/d/vancouver-furnished-bed-bath-den/7798624229.html
$1800 2 bedroom suit for rent(around Coquitlam center),"$1,800",delta/surrey/langley,https://vancouver.craigslist.org/rds/apa/d/port-coquitlam-south-bedroom-suit-for/7804864482.html
2 bedrooms + Den with 2 full baths,"$2,950",Vancouver Downtown,https://vancouver.craigslist.org/van/apa/d/vancouver-bedrooms-den-with-full-baths/7804867857.html
"Open-concept, Brand New Three Bedroom Townhome at The Hyland","$4,533","Kensington-Cedar Cottage, East Vancouver",https://vancouver.craigslist.org/van/apa/d/vancouver-open-concept-brand-new-three/7804297050.html
1 bedroom suite for rent,"$2,500",Vancouver,https://vancouver.craigslist.org/van/apa/d/vancouver-bedroom-suite-for-rent/7802384821.html
Fully furnished heritage home basement suite in Mount Pleasant,$150,Mount Pleasant,https://vancouver.craigslist.org/van/apa/d/vancouver-fully-furnished-heritage-home/7804866897.html
Fully Furnished High End 2 Bedroom  Suite in Maple Ridge,"$2,300",12610 laity st,https://vancouver.craigslist.org/pml/apa/d/maple-ridge-fully-furnished-high-end/7801338796.html
"1B 1Ba Closet Organizers, Quartz Countertops, Residential Management!","$2,295","3370 Dewdney Trunk Road, Port Moody, BC",https://vancouver.craigslist.org/pml/apa/d/port-moody-1b-1ba-closet-organizers/7803511708.html
Fully Furnished ground floor basement suite in Mount Plesant,"$2,500",Mount Pleasant,https://vancouver.craigslist.org/van/apa/d/vancouver-fully-furnished-ground-floor/7804866516.html
Spacious 2 bedrm + den condo in SFU campus,"$3,000",SFU Burnaby,https://vancouver.craigslist.org/pml/apa/d/burnaby-spacious-bedrm-den-condo-in-sfu/7799435558.html
Modern Studio - $1000 Cashback - Security Deposit $500,"$2,150",New Westminster,https://vancouver.craigslist.org/bnc/apa/d/new-westminster-modern-studio-cashback/7799047724.html
Modern    FurnisheRenovated in prime area North Vancouver Ground level,"$2,300",North Vancouver District,https://vancouver.craigslist.org/nvn/apa/d/north-vancouver-northwest-central/7804866401.html
"Best Choice, Two bedroom suite for rent","$2,000","Marpole, Vancouver",https://vancouver.craigslist.org/van/apa/d/vancouver-best-choice-two-bedroom-suite/7804865868.html
Spacious 2-bedroom 2-bath + Den Basement Suite,"$2,500",tricities/pitt/maple,https://vancouver.craigslist.org/pml/apa/d/port-moody-spacious-bedroom-bath-den/7798838421.html
Spacious 2-bedroom 2-bath + Den Basement Suite,"$2,500",north shore,https://vancouver.craigslist.org/nvn/apa/d/port-moody-spacious-bedroom-bath-den/7798839875.html
***1 Bedroom Basement Suite North Burnaby***,"$1,900",North burnaby,https://vancouver.craigslist.org/bnc/apa/d/burnaby-bedroom-basement-suite-north/7802982140.html
NEW - Spacious 2 Bdrm Studio with View 1 Min to Surrey Central Station,"$1,850","Surrey City Central next to SFU, Skytrain and Library",https://vancouver.craigslist.org/rds/apa/d/surrey-inner-northwest-new-spacious/7804865502.html
Spacious 1yr old 2bdr+2bath Corner Unit,"$2,400",Langley,https://vancouver.craigslist.org/rds/apa/d/langley-spacious-1yr-old-2bdr2bath/7797454119.html
1 BEDROOM BEAUTIFUL APARTMENT FOR RENT MOUNT PLEASANT,"$2,125",MOUNT PLEASANT VANCOUVER,https://vancouver.craigslist.org/van/apa/d/vancouver-bedroom-beautiful-apartment/7804865209.html
2 bed one bathroom east van,"$2,200",vancouver,https://vancouver.craigslist.org/van/apa/d/vancouver-bed-one-bathroom-east-van/7804864312.html
Single room in Beautiful duplex at 556 E 16th,"$1,450",Vancouver,https://vancouver.craigslist.org/van/apa/d/vancouver-single-room-in-beautiful/7798880582.html
Bright and Spacious 1 bed apartment for rent,"$2,060",Burnaby,https://vancouver.craigslist.org/bnc/apa/d/burnaby-bright-and-spacious-bed/7804288017.html
Rare find: 2 bedroom 2 bathroom in Kerrisdale,"$3,299","Vancouver, BC",https://vancouver.craigslist.org/van/apa/d/vancouver-rare-find-bedroom-bathroom-in/7801857845.html
Charming house in highly sought-after location for families and profes,"$5,599","Vancouver, BC",https://vancouver.craigslist.org/van/apa/d/west-vancouver-charming-house-in-highly/7800581099.html
Brentwood  Lumina 2 Beds 2 Baths for Rent,"$3,200","Brentwood town centre, Burnaby",https://vancouver.craigslist.org/bnc/apa/d/burnaby-brentwood-lumina-beds-baths-for/7804865152.html
***Bright and Spacious 2BD/1BA Garden Suite w/2 Parking***,"$2,400",Anmore,https://vancouver.craigslist.org/pml/apa/d/anmore-bright-and-spacious-2bd-1ba/7804865093.html
"Full size stainless steel appliances, LVP flooring, Studio 1/ba","$2,275",city of vancouver,https://vancouver.craigslist.org/van/apa/d/vancouver-full-size-stainless-steel/7797361482.html
Burnaby Bedroom with Individual bathroom,"$1,500",Metrotown,https://vancouver.craigslist.org/bnc/apa/d/burnaby-burnaby-bedroom-with-individual/7804864944.html
"EV Parking, 100% Smoke-Free, On-Site Maintenance","$3,495","333 E 11th Ave, Vancouver, BC",https://vancouver.craigslist.org/van/apa/d/vancouver-ev-parking-100-smoke-free-on/7801966732.html
1 Bedroom suite,"$1,600",North Burnaby,https://vancouver.craigslist.org/bnc/apa/d/burnaby-bedroom-suite/7804864350.html
Luxury New Jr. Two (2) Bedroom Apartment @ Metrotown/Telford,"$2,990","Metrotown, Burnaby",https://vancouver.craigslist.org/bnc/apa/d/burnaby-luxury-new-jr-two-bedroom/7804864257.html
"Short Term, Fully Furnished, Bright 2 BR, Great Location","$3,000",West Vancouver,https://vancouver.craigslist.org/nvn/apa/d/west-vancouver-short-term-fully/7801381106.html
FURNISHED BACHELOR SUITE UTILS INCLUDED.,"$1,500",SCOTT RD/96 AVE SURREY,https://vancouver.craigslist.org/rds/apa/d/surrey-furnished-bachelor-suite-utils/7804864101.html
3-level house with 2-bedroom suite in Fraser Heights,"$5,200",Surrey,https://vancouver.craigslist.org/rds/apa/d/surrey-level-house-with-bedroom-suite/7804864085.html
2 Level Waterfront Condo @ Two Harbour Green- Nov 15,"$9,995",Coal Harbour Downtown Vancouver,https://vancouver.craigslist.org/van/apa/d/vancouver-level-waterfront-condo-two/7799897341.html
DOWNTOWN-THE SMITHE! Close to BC Place-Luxury 3 Bdrm 3 Bath Huge Unit,"$5,500",city of vancouver,https://vancouver.craigslist.org/van/apa/d/vancouver-downtown-the-smithe-close-to/7802008385.html
Van East-Renfrew N Parker - 2 Yr New 3 Beds 2 Baths BSMT Suite Avail.,"$2,300",city of vancouver,https://vancouver.craigslist.org/van/apa/d/vancouver-van-east-renfrew-parker-yr/7797812503.html
Richmond-Saunders by Walter Lee-Upper level 3 bedrooms newly renovated,"$2,980",richmond,https://vancouver.craigslist.org/rch/apa/d/richmond-richmond-saunders-by-walter/7799285278.html
Vancouver Arbutus-Gorgeous 6 Bdrm Huge House w 4-car garage Avail. Now,"$9,000",city of vancouver,https://vancouver.craigslist.org/van/apa/d/vancouver-vancouver-arbutus-gorgeous/7797815945.html
Vancouver Renfrew Heights-Well kept 5 Bdrm 2 Bath detached home Avail.,"$3,950",city of vancouver,https://vancouver.craigslist.org/van/apa/d/vancouver-vancouver-renfrew-heights/7801413208.html
Burke Mountain- 3 Beds 2.5 Baths N Den Gorgeous Townhome Avail. Dec,"$3,600",tricities/pitt/maple,https://vancouver.craigslist.org/pml/apa/d/coquitlam-burke-mountain-beds-25-baths/7801412068.html
Renfrew Boundary N Hastings-Brand New FURNISHED 1 Bdrm-Utilities Included,"$1,800",Hastings sunrise,https://vancouver.craigslist.org/van/apa/d/vancouver-renfrew-boundary-hastings/7797816954.html
Burnaby Edmonds-Kings Crossing-1 Bdrm unit on 8th floor-Fantastic LCTN,"$2,300",burnaby/newwest,https://vancouver.craigslist.org/bnc/apa/d/burnaby-burnaby-edmonds-kings-crossing/7804294493.html
BUTTERFLY! ICON Downtown Vancouver-A finely polished Jade! 8F-1 Bdrm!,"$4,200",city of vancouver,https://vancouver.craigslist.org/van/apa/d/vancouver-butterfly-icon-downtown/7804017350.html
2 bedrooms half ground unit closed SFU,"$2,100",9869 Ruthburn dr. Burnaby,https://vancouver.craigslist.org/bnc/apa/d/coquitlam-north-bedrooms-half-ground/7804863588.html
9th Floor 1 Bedroom Suite in the West End,"$2,390",Vancouver,https://vancouver.craigslist.org/van/apa/d/vancouver-9th-floor-bedroom-suite-in/7799065130.html
4th Floor 1 Bedroom Suite in the West End,"$2,200",Vancouver,https://vancouver.craigslist.org/van/apa/d/vancouver-4th-floor-bedroom-suite-in/7798300343.html
Brand New 1 Bed+Dan in Fleetwood Surrey,"$2,100",Surrey fleetwood,https://vancouver.craigslist.org/rds/apa/d/surrey-northeast-brand-new-beddan-in/7804863566.html
Fully furnished Bachelor suite for rent Downtown Vancouver,"$2,450",city of vancouver,https://vancouver.craigslist.org/van/apa/d/vancouver-fully-furnished-bachelor/7798036377.html
2 Bed+2 Bath+Dan in Downtown Vancouver,"$3,600",Vancouver,https://vancouver.craigslist.org/rds/apa/d/vancouver-bed2-bathdan-in-downtown/7804863356.html
Newly Renovated 3 Bedroom Suite,"$3,000",Vancouver,https://vancouver.craigslist.org/van/apa/d/vancouver-newly-renovated-bedroom-suite/7797746979.html
3 BR Entire Rancher House for rent in Maple Ridge,"$3,000",Maple Ridge,https://vancouver.craigslist.org/rds/apa/d/maple-ridge-br-entire-rancher-house-for/7804863198.html
Beautiful Brand new 1 Bedroom and Den with Balcony,"$2,000",Surrey,https://vancouver.craigslist.org/rds/apa/d/surrey-beautiful-brand-new-bedroom-and/7801969972.html
2 Bed 1 Bath Basement Suite for Rent,"$1,900",Maple Ridge,https://vancouver.craigslist.org/rds/apa/d/maple-ridge-bed-bath-basement-suite-for/7804862982.html
Vancouver westside New bright 2br1bath suit in Marpole for rent,"$2,400",Vancouver,https://vancouver.craigslist.org/van/apa/d/vancouver-vancouver-westside-new-bright/7796847955.html
"$2600 / 2BD, 650 ft2, Upper Delbrook, Garden suite.","$2,600",North Vancouver,https://vancouver.craigslist.org/nvn/apa/d/north-vancouver-northwest-central-bd/7804862746.html
1 bedroom apt close to Gateway Skytrain Station,"$1,800",Surrey,https://vancouver.craigslist.org/rds/apa/d/surrey-bedroom-apt-close-to-gateway/7802868566.html
whole house with in-law suite for rent,"$5,200",Port Coquitlam,https://vancouver.craigslist.org/pml/apa/d/port-coquitlam-whole-house-with-in-law/7797445081.html
Richmond 2 Beds 1 Bath Furnished Apartment for Rent,"$2,250",Richmond,https://vancouver.craigslist.org/rch/apa/d/richmond-richmond-beds-bath-furnished/7803716656.html
Richmond 1 Bed 1 Bath with Seperate Entrance,"$1,800",Richmond,https://vancouver.craigslist.org/rch/apa/d/richmond-west-richmond-bed-bath-with/7803718796.html
One Bed Newer Building with Resort-Inspired Amenities,"$2,300",1441 Johnston,https://vancouver.craigslist.org/rds/apa/d/white-rock-one-bed-newer-building-with/7804862569.html
"$2,400.00 TWO BEDROOM UNIT","$2,400",EAST VANCOUVER,https://vancouver.craigslist.org/van/apa/d/vancouver-two-bedroom-unit/7804862326.html
2 bedroom basement in East Vancouver,"$2,200",Vancouver,https://vancouver.craigslist.org/van/apa/d/vancouver-bedroom-basement-in-east/7804857042.html
Brand new 2bed and den luxury apartment Gilmore sky,"$3,580",Burnaby,https://vancouver.craigslist.org/bnc/apa/d/burnaby-brand-new-2bed-and-den-luxury/7804862274.html
Killarney Bright & Modern Laneway Move in Readywalkable All OPEN HOUSE,"$2,500",5xxx Arlington,https://vancouver.craigslist.org/van/apa/d/vancouver-killarney-bright-modern/7801996373.html
Killarney Bright & Modern Laneway Move in Now walkable All OPEN HOUSE,"$2,500",5xxx Arlington,https://vancouver.craigslist.org/van/apa/d/vancouver-killarney-bright-modern/7803986077.html
Brentwood Gilmore Place Brand New 2 bedroom with World Class Amenities,"$2,950",4168 Lougheed highway,https://vancouver.craigslist.org/bnc/apa/d/burnaby-brentwood-gilmore-place-brand/7803986702.html
"Rooftop Lounge, Brand New Gym, Kitchen Island, Bike Storage","$4,200","303 E Pender St, Vancouver, BC",https://vancouver.craigslist.org/van/apa/d/vancouver-rooftop-lounge-brand-new-gym/7803601467.html
"Covered Parking, Pet Friendly, 2/BD 1/BA","$2,750","1371 Blackwood Street, White Rock, BC",https://vancouver.craigslist.org/rds/apa/d/white-rock-covered-parking-pet-friendly/7800777940.html
Near Richmond Center 3 Bed 3 Bath Townhouse with AC,"$4,000",richmond,https://vancouver.craigslist.org/rch/apa/d/richmond-near-richmond-center-bed-bath/7804861200.html
Downtown Vancouver *Furnished* 1 Bedroom + Den Apartment,"$2,575",Downtown Vancouver,https://vancouver.craigslist.org/van/apa/d/vancouver-downtown-vancouver-furnished/7804860984.html
$375.00 per night,$375,EAST VANCOUVER,https://vancouver.craigslist.org/van/apa/d/vancouver-per-night/7804860933.html
Newly renovated 1 bedroom and bathroom for rental,"$1,850",Burnaby,https://vancouver.craigslist.org/bnc/apa/d/burnaby-newly-renovated-bedroom-and/7804860824.html
2 Bed 1 Bath Bright Condo near Richmond Center Richmond,"$2,800",richmond,https://vancouver.craigslist.org/rch/apa/d/richmond-bed-bath-bright-condo-near/7804860595.html
Kitsilano One bedroom+Den high-rise apartment for rent,"$2,600",Vancouver,https://vancouver.craigslist.org/nvn/apa/d/vancouver-kitsilano-one-bedroomden-high/7798599256.html
Upstairs 4 Bed 2 Bath Near  Knight & E53rd,"$4,199",Vancouver,https://vancouver.craigslist.org/van/apa/d/vancouver-upstairs-bed-bath-near-knight/7804860358.html
2 Bedrooms Basement Coquitlam (close to Coquitlam Center),"$2,000",Coquitlam Canyon Spring,https://vancouver.craigslist.org/pml/apa/d/port-coquitlam-central-bedrooms/7804860414.html
2 bedroom in Renfrew Collingwood,"$2,200",Vancouver,https://vancouver.craigslist.org/van/apa/d/vancouver-bedroom-in-renfrew-collingwood/7804855848.html
furnished 2 bed 1 bath suite!,"$2,600",Richmond West,https://vancouver.craigslist.org/rch/apa/d/richmond-west-furnished-bed-bath-suite/7801299320.html
Killarney 3 bed suite above ground,"$2,800",Vancouver,https://vancouver.craigslist.org/van/apa/d/vancouver-killarney-bed-suite-above/7802771038.html
TWO BED RIVER VIEW AT MARINE GATEWAY,"$2,900",Vancouver,https://vancouver.craigslist.org/van/apa/d/vancouver-two-bed-river-view-at-marine/7802587780.html
NEWER PENTHOUSE UNIT WITH AC AND CENTRAL LOCATION WITH PANORAMIC VIEWS,"$4,000",Richmond,https://vancouver.craigslist.org/rch/apa/d/richmond-newer-penthouse-unit-with-ac/7797763314.html
RENOVATED HOUSE LORD BYNG POINT GREY AREA,"$6,200",Point Grey,https://vancouver.craigslist.org/van/apa/d/vancouver-renovated-house-lord-byng/7800256381.html
Gorgous 3-level 4Bds+4Bath+Double Garage_Grandview Heights,"$3,700","South Surrey, White Rock",https://vancouver.craigslist.org/rds/apa/d/surrey-gorgous-level-4bds4bathdouble/7803847549.html
Richmond River Rd private entry Studio,"$1,500",Terra Nova,https://vancouver.craigslist.org/rch/apa/d/richmond-richmond-river-rd-private/7804859632.html
NEWLY RENOVATED-HUGE 1 brd,"$2,100",Richmond,https://vancouver.craigslist.org/rch/apa/d/richmond-newly-renovated-huge-brd/7804858553.html
1-Bed Condo Tayler Swift Week Downtown Vancouver,"$1,200",Vancouver,https://vancouver.craigslist.org/van/apa/d/vancouver-bed-condo-tayler-swift-week/7804003443.html
Large 3 beds 2 bath with deck and gas fire place close to downtown,"$3,790",Vancouver,https://vancouver.craigslist.org/van/apa/d/vancouver-large-beds-bath-with-deck-and/7803498774.html
Furnished Room for Rent Close to Langara Vancouver West,"$1,550",Vancouver,https://vancouver.craigslist.org/van/apa/d/vancouver-furnished-room-for-rent-close/7800493292.html
2 bed 1 bath - close  to trout lake,"$2,490",Vancouver,https://vancouver.craigslist.org/van/apa/d/vancouver-bed-bath-close-to-trout-lake/7803499072.html
2 Bed 2 Bath Brynpark Near Edmond Skytrain,"$3,200",Burnaby,https://vancouver.craigslist.org/van/apa/d/burnaby-bed-bath-brynpark-near-edmond/7804858953.html
"BBQ Area, Energy Efficient Appliances, Playground","$2,750","333 E 11th Ave, Vancouver, BC",https://vancouver.craigslist.org/van/apa/d/vancouver-bbq-area-energy-efficient/7801956474.html
2 bedroom basement suite for rent,"$1,800",Surrey,https://vancouver.craigslist.org/rds/apa/d/surrey-bedroom-basement-suite-for-rent/7804857874.html
Studio Suite / Avail Dec.1st,"$1,500",33rd b/t Fraser & Knight,https://vancouver.craigslist.org/van/apa/d/vancouver-studio-suite-avail-dec1st/7804857669.html
Nice One Bedroom Townhouse in UBC Available Now...,"$2,400","#109-5649 Kings Road, Vancouver",https://vancouver.craigslist.org/van/apa/d/vancouver-nice-one-bedroom-townhouse-in/7802944398.html
Nice two bedroom suite (Upper Floor) In Fraser Neighborhood,"$2,900","727 East 32nd Avenue ( Upper Floor Suite), Vancouver",https://vancouver.craigslist.org/van/apa/d/vancouver-nice-two-bedroom-suite-upper/7802944208.html
Open-concept Studio Suite at The Hyland,"$2,278","Kensington-Cedar Cottage, East Vancouver",https://vancouver.craigslist.org/van/apa/d/vancouver-open-concept-studio-suite-at/7804857461.html
New Fully Furnished 2 Bed 2 Bath Plus Den/Office Luxury Condo at Joyce,"$3,850","Joyce Stn, Vancouver",https://vancouver.craigslist.org/van/apa/d/vancouver-new-fully-furnished-bed-bath/7804857421.html
downtown on Hornby st 2 bed/2 bath plus den unit for rent,"$3,500",downtown/ Vancouver,https://vancouver.craigslist.org/van/apa/d/vancouver-downtown-on-hornby-st-bed/7798146206.html
Dunbar newer laneway studio unit for rent,"$2,150",Dunbar / Vancouver,https://vancouver.craigslist.org/van/apa/d/vancouver-dunbar-newer-laneway-studio/7799561875.html
basement suite 1  bedroom 1 bath   for rent,"$1,750",Sunset / South Vancouver,https://vancouver.craigslist.org/van/apa/d/vancouver-basement-suite-bedroom-bath/7798674917.html
Spacious Bright 2Bed 2Bath near SFU/Lougheed,"$2,950",Burnaby,https://vancouver.craigslist.org/bnc/apa/d/burnaby-spacious-bright-2bed-2bath-near/7804856895.html
one bedroom one den Vancouver downtown apartment,"$2,500",Vancouver,https://vancouver.craigslist.org/van/apa/d/vancouver-one-bedroom-one-den-vancouver/7804855171.html
1Bed + 1 den and 1bath basement suite,"$1,850",Surrey,https://vancouver.craigslist.org/rds/apa/d/surrey-north-1bed-den-and-1bath/7800119663.html
"1 bedroom + den, 1 bath basement suite for rent","$1,850",Surrey,https://vancouver.craigslist.org/rds/apa/d/surrey-north-bedroom-den-bath-basement/7797313004.html
"1 bedroom +den, 1 bath legal basement suite","$1,850",Surrey,https://vancouver.craigslist.org/rds/apa/d/surrey-north-bedroom-den-bath-legal/7803645809.html
Spacious 1-Bedroom Suites at Lonsdale Square For Rent,"$2,622","Central Lonsdale, North Vancouver",https://vancouver.craigslist.org/nvn/apa/d/north-vancouver-spacious-bedroom-suites/7804256228.html
(UniqueAccommodations.com) ID:5479 Superior Yaletown Loft,"$3,990",Vancouver Downtown,https://vancouver.craigslist.org/van/apa/d/vancouver-uniqueaccommodationscom/7799956722.html
(UniqueAccommodations.com) ID:3884 Custom Built House Panoramic View,"$4,500",North Vancouver,https://vancouver.craigslist.org/nvn/apa/d/north-vancouver-uniqueaccommodationscom/7800578869.html
"Definition of peaceful living is this 1 bed, den and 1 bath","$1,900",Burnaby,https://vancouver.craigslist.org/bnc/apa/d/burnaby-definition-of-peaceful-living/7802805229.html
Apartment for rent,"$2,000",Surrey,https://vancouver.craigslist.org/rds/apa/d/surrey-apartment-for-rent/7804856141.html
Modern 2BR/2BA/In suite laundry/Walk in shower/Vinyl flooring/No pets,"$2,565","3370 Dewdney Trunk Road, Port Moody, BC",https://vancouver.craigslist.org/pml/apa/d/port-moody-modern-2br-2ba-in-suite/7798507360.html
Luxury large 1 bedroom at ARC with stunning view,"$3,300",yaletown,https://vancouver.craigslist.org/van/apa/d/vancouver-luxury-large-bedroom-at-arc/7798506497.html
Fully furnished 1 bedroom at Telus Garden Residence parking available,"$2,850",downtown vancouver,https://vancouver.craigslist.org/van/apa/d/vancouver-fully-furnished-bedroom-at/7797523829.html
Richmond house for rent,"$7,000",Richmond,https://vancouver.craigslist.org/rch/apa/d/richmond-richmond-house-for-rent/7803525434.html
Brand New 1 Bedroom & Den/1 Bathroom Condo,"$2,000",North Surrey/Whalley,https://vancouver.craigslist.org/rds/apa/d/surrey-inner-northwest-brand-new/7800518625.html
$1800 furnished studio in Kits,"$1,800",W. 7th Ave,https://vancouver.craigslist.org/van/apa/d/vancouver-1800-furnished-studio-in-kits/7804264771.html
2Br. Suite Available Dec 1,"$2,350",Vancouver,https://vancouver.craigslist.org/van/apa/d/vancouver-2br-suite-available-dec/7799683084.html
Half Basement - 3 Bed 1 Bath - E 47th Ave near Victoria Dr,"$2,300",Vancouver,https://vancouver.craigslist.org/van/apa/d/vancouver-half-basement-bed-bath-47th/7804853468.html
4 Bed 2.5 Bath Near No3 Road & General Currie,"$3,900",Richmond,https://vancouver.craigslist.org/van/apa/d/richmond-bed-25-bath-near-no3-road/7804855193.html
"Located in Vancouver, LVP flooring, 2/bd 1/ba","$3,315","1022 Nelson Street, Vancouver, BC",https://vancouver.craigslist.org/van/apa/d/vancouver-located-in-vancouver-lvp/7796833809.html
Vancouver Collingwood 3beds/2baths Townhouse,"$3,800",VANCOUVER,https://vancouver.craigslist.org/van/apa/d/vancouver-vancouver-collingwood-3beds/7804855169.html
1 Bedroom  Avail Oct 1,"$2,000",3636 Fraser,https://vancouver.craigslist.org/van/apa/d/vancouver-bedroom-avail-oct/7802860405.html
Dec 1 possibly Jan 1 ready 3 br suite,"$4,131",Vancouver,https://vancouver.craigslist.org/van/apa/d/vancouver-dec-possibly-jan-ready-br/7802180149.html
Furnished spacious one bed condo with in Metrotown,"$2,600",Metrotown,https://vancouver.craigslist.org/bnc/apa/d/burnaby-furnished-spacious-one-bed/7803988222.html
Luxury one bed condo near Richmond Center,"$2,400",Richmond,https://vancouver.craigslist.org/rch/apa/d/richmond-luxury-one-bed-condo-near/7799420581.html
South Surrey 2 bedrooms 2 bath,"$2,550",South Surrey,https://vancouver.craigslist.org/rds/apa/d/surrey-south-surrey-bedrooms-bath/7801403938.html
Gorgeous 1 Bedroom and Den,"$2,400",Burnaby,https://vancouver.craigslist.org/bnc/apa/d/burnaby-gorgeous-bedroom-and-den/7804854561.html
Coach House,"$1,600",Clayton Heights,https://vancouver.craigslist.org/rds/apa/d/surrey-coach-house/7804854550.html
Clean & spacious 2 BR suite,"$2,200",city of vancouver,https://vancouver.craigslist.org/van/apa/d/vancouver-clean-spacious-br-suite/7804854288.html
North Surrey 4 beds 2 baths Renovated Whole House for rent,"$3,500",Surrey,https://vancouver.craigslist.org/rds/apa/d/surrey-outer-northwest-north-surrey/7799699405.html
One bedroom ground level suite to rent,"$1,700",Burnaby,https://vancouver.craigslist.org/bnc/apa/d/burnaby-one-bedroom-ground-level-suite/7799973809.html
Top-Schoold catchment & Sea-view New House for Rent,"$8,500",vancouver,https://vancouver.craigslist.org/van/apa/d/vancouver-top-schoold-catchment-sea/7804853750.html
Comfortable and Cozy Two Bedroom Walking Distance to Skytrain & More!,"$2,715",New Westminster,https://vancouver.craigslist.org/bnc/apa/d/new-westminster-comfortable-and-cozy/7804257496.html
1 Bed+Den New Condo in Surrey Centre,"$2,250",Surrey,https://vancouver.craigslist.org/rds/apa/d/surrey-inner-northwest-bedden-new-condo/7804852682.html
VERY AFFORDABLE 1 BEDROOM BASEMENT IN GREAT MARPOLE NEIGHBOURHOOD,"$1,800",Vancouver West Side/Marpole,https://vancouver.craigslist.org/van/apa/d/vancouver-very-affordable-bedroom/7802972554.html
"Playground, Bike Maintenance Area, Modo Car share","$2,250",city of vancouver,https://vancouver.craigslist.org/van/apa/d/vancouver-playground-bike-maintenance/7797318040.html
"Brand New and Spacious 2-Bed, 2-Bath Condo for Rent in Melrose","$2,800",Surrey,https://vancouver.craigslist.org/rds/apa/d/surrey-brand-new-and-spacious-bed-bath/7804853497.html
Spacious & Bright with Beautiful City View 2 Bedroom Condo near Metro,"$3,000",burnaby/newwest,https://vancouver.craigslist.org/bnc/apa/d/burnaby-spacious-bright-with-beautiful/7804853481.html
Luxury Apartment 2 bedrooms condo for rent,"$4,500",vancouver,https://vancouver.craigslist.org/van/apa/d/vancouver-luxury-apartment-bedrooms/7804852326.html
One bedroom and den on West Georgia,"$2,900",Downtown Vancouver,https://vancouver.craigslist.org/van/apa/d/vancouver-one-bedroom-and-den-on-west/7804852348.html
"New Spacious , Modern, 1 bed 1bath basement for rent in Panorama Area","$1,300",Surrey,https://vancouver.craigslist.org/rds/apa/d/surrey-lower-west-new-spacious-modern/7804851427.html
One room is available from 1st December for long term,"$1,300",Surrey,https://vancouver.craigslist.org/rds/apa/d/surrey-inner-northwest-one-room-is/7804851235.html
2 Bed 2 Bath on Alberni St,"$3,500",Vancouver,https://vancouver.craigslist.org/van/apa/d/vancouver-bed-bath-on-alberni-st/7803555675.html
STUDIO for rent (for 1 person) - N. Van,"$1,850",North Vancouver,https://vancouver.craigslist.org/nvn/apa/d/north-vancouver-studio-for-rent-for/7804850743.html
Short term - the best view ever!,"$1,500",Westend,https://vancouver.craigslist.org/van/apa/d/vancouver-short-term-the-best-view-ever/7804850651.html
STUDIO for rent (for 1 person) - N. Van,"$1,850",North Vancouver,https://vancouver.craigslist.org/nvn/apa/d/north-vancouver-studio-for-rent-for/7804850341.html
1 Bedroom Basement Suite Near Scott Road Skytrain,"$1,200",delta/surrey/langley,https://vancouver.craigslist.org/rds/apa/d/surrey-outer-northwest-bedroom-basement/7802759190.html
(ORCA-REF#1033J)*Charming 3 Bed + Den / 2.5 Bath Home in the sought-af,"$6,250",Sentinel Hill,https://vancouver.craigslist.org/nvn/apa/d/west-vancouver-orca-ref1033jcharming/7804850498.html
2736 E 53rd Ave,"$1,790",Vancouver,https://vancouver.craigslist.org/van/apa/d/vancouver-2736-53rd-ave/7803398903.html
5969 Oak Street,"$4,850",Vancouver,https://vancouver.craigslist.org/van/apa/d/vancouver-5969-oak-street/7799010502.html
5937 Macdonald Street,"$4,800",Vancouver,https://vancouver.craigslist.org/van/apa/d/vancouver-5937-macdonald-street/7799111228.html
1103 1166 Melville Street,"$3,500",Vancouver,https://vancouver.craigslist.org/van/apa/d/vancouver-melville-street/7800750254.html
Cozy 3 Bed 1 Bath basement unit for rent,"$3,450",Vancouver west-end,https://vancouver.craigslist.org/van/apa/d/vancouver-cozy-bed-bath-basement-unit/7804850311.html
Open-concept One Bedroom Suite at The Hyland,"$2,612","Kensington-Cedar Cottage, East Vancouver",https://vancouver.craigslist.org/van/apa/d/vancouver-open-concept-one-bedroom/7804850032.html
Find Your Perfect Home â€“ This 1510 sq ft Townhouse is Waiting for You!,"$2,900",144 st and 64 Ave,https://vancouver.craigslist.org/rds/apa/d/surrey-find-your-perfect-home-this-1510/7804849962.html
1st month FREE! Luxurious 1 bedroom basement in East Vancouver,"$2,200",Grandview/Renfrew/Hastings,https://vancouver.craigslist.org/van/apa/d/vancouver-1st-month-free-luxurious/7800551116.html
STUDIO for rent in Central Lonsdale all included,"$1,850",North Vancouver,https://vancouver.craigslist.org/nvn/apa/d/north-vancouver-studio-for-rent-in/7802003060.html
West End/ One Bedroom Apartment/ Balcony,"$1,995",Vancouver,https://vancouver.craigslist.org/van/apa/d/vancouver-west-end-one-bedroom/7798584960.html
2 Bedroom (ground floor) suite of duplex,"$2,600",New Westminster,https://vancouver.craigslist.org/bnc/apa/d/new-westminster-southwest-bedroom/7804849740.html
West End/ One Bedroom Apartment/ Balcony,"$1,995",Vancouver,https://vancouver.craigslist.org/van/apa/d/vancouver-west-end-one-bedroom/7800252303.html
ALTO - on 1205 Howe Street (Studio with a den),"$2,600",Vancouver,https://vancouver.craigslist.org/van/apa/d/vancouver-alto-on-1205-howe-street/7804849676.html
West End/ One Bedroom Apartment/ Balcony,"$1,995",Vancouver,https://vancouver.craigslist.org/van/apa/d/vancouver-west-end-one-bedroom/7800553734.html
One Bedroom Apartment/Balcony/West End,"$1,995",VANCOUVER,https://vancouver.craigslist.org/van/apa/d/vancouver-one-bedroom-apartment-balcony/7802132777.html
One Bedroom/Balcony/West End,"$1,995",Vancouver,https://vancouver.craigslist.org/van/apa/d/vancouver-one-bedroom-balcony-west-end/7803417815.html
For Rent,"$2,400",Guilford Surrey,https://vancouver.craigslist.org/van/apa/d/surrey-northeast-for-rent/7804849579.html
West End/ One Bedroom Apartment/ Balcony,"$1,995",Vancouver,https://vancouver.craigslist.org/van/apa/d/vancouver-west-end-one-bedroom/7803418134.html
Spacious 2 Bedrooms basament + extra storages,"$2,700",VANCOUVER,https://vancouver.craigslist.org/van/apa/d/vancouver-spacious-bedrooms-basament/7799428895.html
"2/BD 1/BA, Situated in White Rock!, Covered Parking","$2,750","1371 Blackwood Street, White Rock, BC",https://vancouver.craigslist.org/rds/apa/d/white-rock-bd-ba-situated-in-white-rock/7800719534.html
1 bedroom apartment for rent,"$2,150",Surrey,https://vancouver.craigslist.org/rds/apa/d/surrey-bedroom-apartment-for-rent/7797970275.html
Lux 1bed at the centre of Lougheed City,"$2,700",Lougheed mall,https://vancouver.craigslist.org/bnc/apa/d/burnaby-lux-1bed-at-the-centre-of/7800574879.html
Brand new! Brand new! Brand new! One bedroom and Den with balcony,"$1,895",Surrey,https://vancouver.craigslist.org/bnc/apa/d/surrey-brand-new-brand-new-brand-new/7800212656.html
1 bedroom apt. with balcony,"$2,195",South Granville,https://vancouver.craigslist.org/van/apa/d/vancouver-bedroom-apt-with-balcony/7804191533.html
2 bedroom penthouse,"$3,995",South Granville,https://vancouver.craigslist.org/van/apa/d/vancouver-bedroom-penthouse/7804171578.html
White Rock House for Rent 1630 sft. 3 Bedrooms,"$3,500",White Rock,https://vancouver.craigslist.org/rds/apa/d/white-rock-white-rock-house-for-rent/7804848573.html
"Spacious 2 Beds + 2 Full Bath, 1100 sqft Unfurnished Basement for Rent","$2,280",Anmore,https://vancouver.craigslist.org/pml/apa/d/anmore-spacious-beds-full-bath-1100/7801559852.html
"In Suite Laundry, Modern Cabinetry, Open Floorplan","$2,475","303 E Pender St, Vancouver, BC",https://vancouver.craigslist.org/van/apa/d/vancouver-in-suite-laundry-modern/7803639420.html
For Rent,"$3,200",Guilford Surrey,https://vancouver.craigslist.org/van/apa/d/surrey-north-for-rent/7804848203.html
"Bike Storage, 1bd 1ba, Located in Burnaby","$2,355","5050 Sanders St, Burnaby, BC",https://vancouver.craigslist.org/bnc/apa/d/burnaby-bike-storage-1bd-1ba-located-in/7801289544.html
"Three Bedrooms, One bath - $2200","$2,200",North Delta,https://vancouver.craigslist.org/rds/apa/d/delta-northeast-three-bedrooms-one-bath/7804847919.html
"2Bedroom Suite, Above ground, All inclusive, No furniture - Vancouver","$2,700","49th Avenue and Knight Street, Vancouver",https://vancouver.craigslist.org/van/apa/d/vancouver-2bedroom-suite-above-ground/7804847420.html
Rowhome with 2-Car Garage - Walking Distance to Fremont Village,"$3,800",Port Coquitlam (Fremont Village),https://vancouver.craigslist.org/pml/apa/d/port-coquitlam-rowhome-with-car-garage/7799070411.html
"1Bedroom Basement Suite, All Inclusive No Furniture Great Location","$2,000","Nanaimo Sky Train Station, Vancouver",https://vancouver.craigslist.org/van/apa/d/vancouver-1bedroom-basement-suite-all/7803669526.html
Beautiful Pet Friendly 1 Bedroom - Promo: 3 Months Free Parking,"$2,550",South Granville,https://vancouver.craigslist.org/van/apa/d/vancouver-beautiful-pet-friendly/7804846980.html
1 BEDROOM & DEN (WALL CENTRE CENTRAL PARK) 9TH FLOOR,"$2,150",VANCOUVER,https://vancouver.craigslist.org/van/apa/d/burnaby-bedroom-den-wall-centre-central/7801505187.html
1 BEDROOM SUITE ( VICTORIA DR & 35TH AVE),"$1,490",VANCOUVER,https://vancouver.craigslist.org/van/apa/d/vancouver-bedroom-suite-victoria-dr/7796900439.html
Concrete apartment for rent,"$2,000",Surrey,https://vancouver.craigslist.org/rds/apa/d/surrey-inner-northwest-concrete/7804846649.html
Beautifully remodelled1 bedroom on Main Street Vancouver,"$1,900",Vancouver,https://vancouver.craigslist.org/van/apa/d/vancouver-beautifully-remodelled1/7804846582.html
One Bedroom Apartment,"$2,100",VANCOUVER,https://vancouver.craigslist.org/van/apa/d/vancouver-one-bedroom-apartment/7797262402.html
1 Bedroom Suite Rental - Vancouver,"$1,560",Vancouver,https://vancouver.craigslist.org/van/apa/d/vancouver-bedroom-suite-rental-vancouver/7802868857.html
3 Bed 2.5 Bath House in 1 Acre lot for Rent,"$3,300",South Surrey,https://vancouver.craigslist.org/rds/apa/d/surrey-bed-25-bath-house-in-acre-lot/7799113271.html
Spacious 1 bedroom suite with big balcony,"$2,350",burnaby/newwest,https://vancouver.craigslist.org/bnc/apa/d/burnaby-spacious-bedroom-suite-with-big/7802007630.html
"Beautiful 1bedroom unit located in Kitsilano, minutes from downtown.","$2,300",Vancouver,https://vancouver.craigslist.org/van/apa/d/vancouver-beautiful-1bedroom-unit/7801423988.html
CORNER SUITE 2 BED 1.5 BATH w/ 2 PARKING,"$2,475",delta/surrey/langley,https://vancouver.craigslist.org/rds/apa/d/surrey-inner-northwest-corner-suite-bed/7800187843.html
2 BATH FURNISHED PET FRIENDLY APARTMENT,"$2,700",burnaby/newwest,https://vancouver.craigslist.org/bnc/apa/d/burnaby-bath-furnished-pet-friendly/7802519569.html
Spacious,"$1,950",delta/surrey/langley,https://vancouver.craigslist.org/rds/apa/d/surrey-north-spacious/7802578689.html
CORNER SUITE 2 BED 1.5 BATH w/ 2 PARKING,"$2,375",delta/surrey/langley,https://vancouver.craigslist.org/rds/apa/d/surrey-corner-suite-bed-15-bath-2/7802304329.html
Cozy & Private 2 Bedroom 1 Bath COACH HOUSE,"$1,700",delta/surrey/langley,https://vancouver.craigslist.org/rds/apa/d/surrey-cozy-private-bedroom-bath-coach/7802303032.html
Stunning 1 bedroom suite at The Mark FURNISHED,"$2,500",city of vancouver,https://vancouver.craigslist.org/van/apa/d/vancouver-stunning-bedroom-suite-at-the/7801425011.html
"2 Bed + Den, 2 Bathrooms 35th Floor - Surrey Central!! Open Concept","$2,500",delta/surrey/langley,https://vancouver.craigslist.org/rds/apa/d/surrey-bed-den-bathrooms-35th-floor/7797123508.html
Brand new 1 bed 1 bath Condo,"$2,000",Latimer Heights,https://vancouver.craigslist.org/rds/apa/d/langley-brand-new-bed-bath-condo/7804844328.html
2 Bedrooms 2 Baths plus Den,"$3,400",Downtown,https://vancouver.craigslist.org/van/apa/d/vancouver-bedrooms-baths-plus-den/7804844952.html
One Bedroom Suite for Rent,"$1,895",Burnaby,https://vancouver.craigslist.org/bnc/apa/d/burnaby-one-bedroom-suite-for-rent/7804844947.html
"1BD 1BA, Greenyard Atrium on Level 3, Children's Play Room","$2,615","333 E 11th Ave, Vancouver, BC",https://vancouver.craigslist.org/van/apa/d/vancouver-1bd-1ba-greenyard-atrium-on/7801944763.html
2Bedroom and Den (3rd bedroom) Apartment Lafarge Lake Coquitlam,"$3,500",Coquitlam,https://vancouver.craigslist.org/pml/apa/d/coquitlam-2bedroom-and-den-3rd-bedroom/7804844437.html
"Charming, New Garden Suite Avail Jan 1/Perfect for UBC","$3,299",UBC/Point Grey/West Side,https://vancouver.craigslist.org/van/apa/d/vancouver-charming-new-garden-suite/7799539671.html
Guildford 2 bedroom 2 bathroom Condo,"$2,000",delta/surrey/langley,https://vancouver.craigslist.org/rds/apa/d/surrey-guildford-bedroom-bathroom-condo/7804844187.html
Downtown Vancouver*Furnished* 2beds+1bath+Den+parking - from Jan 1,"$3,700","Vancouver Downtown,Vancouver",https://vancouver.craigslist.org/van/apa/d/vancouver-downtown-vancouverfurnished/7800652130.html
Downtown beautiful *Furnished* 2beds+1bath+Den+parking - from Jan 1,"$3,700","Downtown Vancouver,Vancouver",https://vancouver.craigslist.org/van/apa/d/vancouver-downtown-beautiful-furnished/7803187716.html
Townhouse Downtown 2 Bed + 1 Large Den 2 bath 2 parking,"$4,950",Vancouver,https://vancouver.craigslist.org/van/apa/d/vancouver-townhouse-downtown-bed-large/7801872046.html
Open-concept Two Bedroom Suite at The Hyland,"$3,387","Kensington-Cedar Cottage, East Vancouver",https://vancouver.craigslist.org/van/apa/d/vancouver-open-concept-two-bedroom/7804843690.html
2 bed/2 bath top floor,"$2,800",Surrey,https://vancouver.craigslist.org/rds/apa/d/surrey-bed-bath-top-floor/7798842626.html
2bed 2bath Penthouse for rent with 2 parking in Metrotown,"$3,600","Metrotown, Burnaby",https://vancouver.craigslist.org/bnc/apa/d/burnaby-2bed-2bath-penthouse-for-rent/7804843374.html
Taylor Swift Accommodations,"$1,000",Burnaby,https://vancouver.craigslist.org/bnc/apa/d/burnaby-taylor-swift-accommodations/7803892088.html
"Charming Suite in Killarney - Functional layout, Close to Everything","$3,200",Killarney,https://vancouver.craigslist.org/bnc/apa/d/vancouver-charming-suite-in-killarney/7804835716.html
2 Bedroom Suite in the West End,"$3,150",Vancouver,https://vancouver.craigslist.org/van/apa/d/vancouver-bedroom-suite-in-the-west-end/7799063637.html
Newly Renovated 9th floor 1 Bedroom next to Sunset Beach,"$2,530",Vancouver,https://vancouver.craigslist.org/van/apa/d/vancouver-newly-renovated-9th-floor/7797751262.html
One Bedroom Suite steps from  English Bay,"$2,345",Vancouver,https://vancouver.craigslist.org/van/apa/d/vancouver-one-bedroom-suite-steps-from/7799009077.html
Entire House - Reasonable Rent,"$2,900",Cedar Hills - Surrey,https://vancouver.craigslist.org/rds/apa/d/surrey-inner-northwest-entire-house/7804842955.html
Vancouver East Grnd Flr 1 Bedroom Suite Priv Entrance,"$1,500",Vancouver-Kensington,https://vancouver.craigslist.org/van/apa/d/vancouver-vancouver-east-grnd-flr/7804840427.html
"Laundry facilities, Tennis Court, Social Room","$3,245","5050 Sanders St, Burnaby, BC",https://vancouver.craigslist.org/bnc/apa/d/burnaby-laundry-facilities-tennis-court/7801329409.html
RiverSky New West One bedroom One Bath Apartment for Rent,"$2,100",New Westminster,https://vancouver.craigslist.org/bnc/apa/d/new-westminster-riversky-new-west-one/7799962135.html
Basment for Rent In Sullivan,"$1,800",Surrey,https://vancouver.craigslist.org/rds/apa/d/surrey-basment-for-rent-in-sullivan/7804841661.html
Metrotown AC Two Beds Two baths apartment for rent!,"$3,250",Metrotown,https://vancouver.craigslist.org/bnc/apa/d/burnaby-metrotown-ac-two-beds-two-baths/7796893373.html
Telus Garden AC 1bedroom+1 Den apartment for rent!,"$2,850",Downtown,https://vancouver.craigslist.org/van/apa/d/vancouver-telus-garden-ac-1bedroom1-den/7803601368.html
Surrey centre 2bedrooms 2bathrooms apartment for rent,"$2,599",King George,https://vancouver.craigslist.org/rds/apa/d/surrey-surrey-centre-2bedrooms/7803614343.html
White Rock Ocean view AC 2bedrooms 2baths apartment for rent,"$2,900",White Rock,https://vancouver.craigslist.org/rds/apa/d/white-rock-white-rock-ocean-view-ac/7802250824.html
Surrey SFU 1 br 2 murphy beds,"$1,950",Surrey Central,https://vancouver.craigslist.org/rds/apa/d/surrey-inner-northwest-surrey-sfu-br/7799701831.html
BASEMENT ONE BEDROOM SUITE IN PANORAMA RIDGE AREA,"$1,400","HWY 10th & 132 Street, Surrey,",https://vancouver.craigslist.org/rds/apa/d/surrey-basement-one-bedroom-suite-in/7802866205.html
Available Dec 1- One private bedroom in top floor of a detach house,$980,Renfrew Skytrain,https://vancouver.craigslist.org/van/apa/d/vancouver-available-dec-one-private/7804841911.html
VANCOUVER WESTSIDE DUNBAR UBC 2 BEDROOM BASEMENT SUITE,"$2,500",DUNBAR/SOUTHLANDS/UBC,https://vancouver.craigslist.org/van/apa/d/vancouver-vancouver-westside-dunbar-ubc/7801100440.html
BASEMENT ONE BEDROOM SUITE IN PANORAMA RIDGE AREA,"$1,500","HWY 10th & 132 Street, Surrey,",https://vancouver.craigslist.org/rds/apa/d/surrey-basement-one-bedroom-suite-in/7804841669.html
water view 2 Bed+Den+EV charger in Pier West,"$3,850",New Westminster,https://vancouver.craigslist.org/bnc/apa/d/new-westminster-water-view-beddenev/7800279950.html
One bedroom basement suite- north delta,"$1,500",North Delta,https://vancouver.craigslist.org/rds/apa/d/delta-northeast-one-bedroom-basement/7799860555.html
1 bed 1 bath near Renfrew station,"$1,500",Vancouver,https://vancouver.craigslist.org/van/apa/d/vancouver-bed-bath-near-renfrew-station/7804140981.html
Spacious Junior 2BR/2BA/In suite laundry/SS appliances/No pets,"$2,545",tricities/pitt/maple,https://vancouver.craigslist.org/pml/apa/d/port-moody-spacious-junior-2br-2ba-in/7799062578.html
New Pet Friendly 1 Bedroom with In-Suite Laundry in Fairview - PROMO!!,"$2,295",Fairview,https://vancouver.craigslist.org/van/apa/d/vancouver-new-pet-friendly-bedroom-with/7803945963.html
VIEW STAR 2 BED 2 BATH FOR RENT,"$3,200",Richmond,https://vancouver.craigslist.org/rch/apa/d/richmond-view-star-bed-bath-for-rent/7804840087.html
Luxury 2bd 2bath Northwest facing brand new luxury unit in Landmark,"$4,300",Downtown Vancouver,https://vancouver.craigslist.org/van/apa/d/vancouver-luxury-2bd-2bath-northwest/7804004572.html
1 bedroom apartment,"$2,200",Davie village,https://vancouver.craigslist.org/van/apa/d/vancouver-bedroom-apartment/7804840491.html
2 bedroom,"$2,000",Surrey,https://vancouver.craigslist.org/rds/apa/d/surrey-outer-northwest-bedroom/7804840655.html
Executive Yaletown Two Bed + Den 1250 Sqft Condo (Yaletown),"$5,200",Yaletown,https://vancouver.craigslist.org/van/apa/d/vancouver-executive-yaletown-two-bed/7796911314.html
Brand New One Bedroom Suites at The Hyland,"$2,552","Kensington-Cedar Cottage, East Vancouver",https://vancouver.craigslist.org/van/apa/d/vancouver-brand-new-one-bedroom-suites/7803490491.html
Conveniet Updated Building /Suite,"$1,950",new westminster,https://vancouver.craigslist.org/bnc/apa/d/new-westminster-conveniet-updated/7801300301.html
Beautiful large studio near AFU.,"$1,700",Coquitlam,https://vancouver.craigslist.org/pml/apa/d/coquitlam-beautiful-large-studio-near/7802968984.html
"One bedrooms + DEM (bedroom), close Superstore and IKEA.","$2,000",Coquitlam,https://vancouver.craigslist.org/pml/apa/d/coquitlam-one-bedrooms-dem-bedroom/7796852533.html
"1B/1B, Situated in Vancouver!, Availability 24 Hours","$2,700","1022 Nelson Street, Vancouver, BC",https://vancouver.craigslist.org/van/apa/d/vancouver-1b-1b-situated-in-vancouver/7799582451.html
Fully furnished Vancouver Villa,"$7,500",Vancouver,https://vancouver.craigslist.org/van/apa/d/vancouver-fully-furnished-vancouver/7804839555.html
BRAND NEW TWO BEDROOM PLUS DEN GILMORE PLACE FOR RENT,"$3,600",Burnaby,https://vancouver.craigslist.org/bnc/apa/d/burnaby-brand-new-two-bedroom-plus-den/7798607230.html
Beautiful 2 Bedroom 2 Bathroom Furnished Laneway House  #735,"$3,995",Mt Pleasant,https://vancouver.craigslist.org/van/apa/d/vancouver-beautiful-bedroom-bathroom/7804269273.html
Furnished 2 bedroom in Coquitlam - all included,"$2,000",Coquitlam,https://vancouver.craigslist.org/pml/apa/d/coquitlam-furnished-bedroom-in/7804838716.html
BASEMENT ONE BEDROOM SUITE IN PANORAMA RIDGE AREA,"$1,500","HWY 10th & 132 Street, Surrey,",https://vancouver.craigslist.org/rds/apa/d/surrey-basement-one-bedroom-suite-in/7804838328.html
Tsawwassen Furnished Brand New One Bedroom with E,"$1,900",Delta,https://vancouver.craigslist.org/rds/apa/d/delta-southwest-tsawwassen-furnished/7804837882.html
Condo for Rent,"$2,300",Surrey Central,https://vancouver.craigslist.org/rds/apa/d/surrey-inner-northwest-condo-for-rent/7802837419.html
Furnished One-bedroom Apartment Avail Dec 1st,"$2,695",North Shore,https://vancouver.craigslist.org/nvn/apa/d/north-vancouver-southwest-furnished-one/7800233420.html
Spacious One Bedroom W/Amenities - $1000 CASH BACK,"$2,435",New Westminster,https://vancouver.craigslist.org/bnc/apa/d/new-westminster-spacious-one-bedroom/7803046135.html
South Granville House for Rent,"$5,900",South Granville,https://vancouver.craigslist.org/van/apa/d/vancouver-south-granville-house-for-rent/7804837389.html
"Furnished, One-bedroom Suit","$2,650",North Shore,https://vancouver.craigslist.org/nvn/apa/d/north-vancouver-southwest-furnished-one/7804837333.html
Spacious 3 bed 2 bath condo in uptown NW,"$3,650",burnaby/newwest,https://vancouver.craigslist.org/bnc/apa/d/vancouver-spacious-bed-bath-condo-in/7804837157.html
"2/bd, Children's Play Room, Mobi Bike Share Station","$3,425","333 E 11th Ave, Vancouver, BC",https://vancouver.craigslist.org/van/apa/d/vancouver-bd-childrens-play-room-mobi/7804267497.html
Rent Now 4 bd 2 ba house,"$3,999",North Shore,https://vancouver.craigslist.org/nvn/apa/d/north-vancouver-southwest-rent-now-bd/7804215789.html
Renovated Garden Level Unit for long-term rental,"$3,700",north shore,https://vancouver.craigslist.org/nvn/apa/d/north-vancouver-inner-east-renovated/7804837038.html
BRAND NEW Basement Suite 1 Bedroom 1 Bath 700 sqft,"$1,900",Cloverdale Surrey,https://vancouver.craigslist.org/rds/apa/d/surrey-brand-new-basement-suite-bedroom/7804836125.html
Accommodation for Taylor Swift Concert,$600,Coquitlam,https://vancouver.craigslist.org/van/apa/d/coquitlam-accommodation-for-taylor/7802995551.html
"Secure Entry, Availability 24 Hours, Tennis Court","$2,920","5050 Sanders St, Burnaby, BC",https://vancouver.craigslist.org/bnc/apa/d/burnaby-secure-entry-availability-24/7797931020.html
"Open-concept, Brand New Studio Suite at The Hyland","$2,278","Kensington-Cedar Cottage, East Vancouver",https://vancouver.craigslist.org/van/apa/d/vancouver-open-concept-brand-new-studio/7804266872.html
Open-concept Three Bedroom Suite at The Hyland,"$4,533","Kensington-Cedar Cottage, East Vancouver",https://vancouver.craigslist.org/van/apa/d/vancouver-open-concept-three-bedroom/7804833932.html
FULLY FURNISHED - 1 ROOM for RENT,$950,Fleetwood - Surrey,https://vancouver.craigslist.org/rds/apa/d/surrey-fully-furnished-room-for-rent/7802345259.html
FULLY FURNISHED - 1 ROOM for Rent,$950,Fleetwood - Surrey,https://vancouver.craigslist.org/rds/apa/d/surrey-fully-furnished-room-for-rent/7802346202.html
"1 Bed/ bath,24 management, one month free! $500. security deposit","$2,350","985 Adair Avenue, Coquitlam, BC",https://vancouver.craigslist.org/pml/apa/d/coquitlam-bed-bath24-management-one/7804835071.html
Furnished one bedroom suite  for rent,"$1,500",Vancouver,https://vancouver.craigslist.org/van/apa/d/vancouver-furnished-one-bedroom-suite/7804834505.html
3 bedroom spacious upper floor,"$3,800",Vancouver,https://vancouver.craigslist.org/van/apa/d/vancouver-bedroom-spacious-upper-floor/7804831956.html
Downtown Vancouver Semi-Furnished Apartment 1 Bedroom Suite,"$2,900",Vancouver,https://vancouver.craigslist.org/van/apa/d/vancouver-downtown-vancouver-semi/7797443093.html
Vancouver Furnished Condo Rental in Yaletown,"$3,195",Vancouver,https://vancouver.craigslist.org/van/apa/d/vancouver-vancouver-furnished-condo/7799882879.html
**Stunning Top-Floor Penthouse Loft in Mount Pleasant,"$3,195",Vancouver,https://vancouver.craigslist.org/van/apa/d/vancouver-stunning-top-floor-penthouse/7801814089.html
west pointgray house for rental 3mins to UBC many room options,"$1,100",Vancouver,https://vancouver.craigslist.org/nvn/apa/d/vancouver-west-pointgray-house-for/7799082115.html
Immaculate Green Belt Facing 2 Bed 2 Bath at Silver Springs,"$2,500",Coquitlam,https://vancouver.craigslist.org/pml/apa/d/immaculate-green-belt-facing-bed-bath/7804832307.html
House/Upper Floor,"$3,900",North Vancouver,https://vancouver.craigslist.org/nvn/apa/d/north-vancouver-house-upper-floor/7797107586.html
FURNISHED 1 BEDROOM SUITE  WITH MOUNTAINS VIEW,"$2,600",Vancouver,https://vancouver.craigslist.org/van/apa/d/vancouver-furnished-bedroom-suite-with/7802297349.html
*1 Bedroom Laneway house*,"$2,200",Vancouver,https://vancouver.craigslist.org/van/apa/d/vancouver-bedroom-laneway-house/7804830189.html
coal harbour 1bdrm 1bathrm near marine,"$2,750",vancouver,https://vancouver.craigslist.org/van/apa/d/vancouver-coal-harbour-1bdrm-1bathrm/7804831701.html
Coquitlam Center Polygon Townhome for Rent,"$3,580",Coquitlam,https://vancouver.craigslist.org/pml/apa/d/port-coquitlam-central-coquitlam-center/7803981833.html
"Bike Storage, Large Windows, Pendant Lighting","$2,273","303 E Pender St, Vancouver, BC",https://vancouver.craigslist.org/van/apa/d/vancouver-bike-storage-large-windows/7803045416.html
Metrotown 3br 2bath upper level house for rent,"$3,500",Burnaby,https://vancouver.craigslist.org/bnc/apa/d/burnaby-metrotown-3br-2bath-upper-level/7797134855.html
3 bed 1 den 2.5 bath AC furnished townhouse for rent,"$3,850",Marpole,https://vancouver.craigslist.org/van/apa/d/vancouver-bed-den-25-bath-ac-furnished/7797881878.html
2 bed 2 bath AC condo for rent,"$3,100",Metrotown,https://vancouver.craigslist.org/bnc/apa/d/burnaby-bed-bath-ac-condo-for-rent/7798509221.html
2 bedroom 2 bathroom 1 den condo for rent,"$2,500",Whalley,https://vancouver.craigslist.org/rds/apa/d/surrey-bedroom-bathroom-den-condo-for/7801820327.html
3 bed  2 bath AC townhouse for rent,"$4,000",Metrotown,https://vancouver.craigslist.org/bnc/apa/d/burnaby-bed-bath-ac-townhouse-for-rent/7798278157.html
4 Bed 4 Bath Townhouse for Rent,"$3,200",Cathedral Grove,https://vancouver.craigslist.org/rds/apa/d/surrey-bed-bath-townhouse-for-rent/7801819589.html
Coquitlam Center Polygon Windsor Gate townhouse,"$4,280",Coquitlam,https://vancouver.craigslist.org/pml/apa/d/coquitlam-coquitlam-center-polygon/7804827804.html
Burnaby 2bdrm 1bthrm condo in metro area,"$2,800",Burnaby,https://vancouver.craigslist.org/bnc/apa/d/burnaby-burnaby-2bdrm-1bthrm-condo-in/7804830231.html
"Massive 2bd/2bath in ""that"" Superb Building!!","$3,400",Vancouver Heart of West End,https://vancouver.craigslist.org/van/apa/d/vancouver-massive-2bd-2bath-in-that/7804829673.html
(ORCA-REF#108-2738)*Stunning Ground-level 1 Bed / 1 Bath Condo in the,"$2,550",Lynn Valley,https://vancouver.craigslist.org/nvn/apa/d/north-vancouver-orca-ref-stunning/7804829826.html
3 Bedroom Basement Suite (49th & Victoria Dr.),"$3,000",Victoria-Fraserview/Killarney,https://vancouver.craigslist.org/van/apa/d/vancouver-bedroom-basement-suite-49th/7802593981.html
2 Bdrm + Den. 1 month FREE RENT after 2 years,"$2,750",Lower Lonsdale,https://vancouver.craigslist.org/nvn/apa/d/north-vancouver-bdrm-den-month-free/7804829140.html
One bedroom in 3 bedroom unit,"$1,050",Lower Lonsdale,https://vancouver.craigslist.org/nvn/apa/d/north-vancouver-one-bedroom-in-bedroom/7804829102.html
UBC 2bed1.5 bath townhouse for rent,"$3,580",UBC,https://vancouver.craigslist.org/van/apa/d/vancouver-ubc-2bed15-bath-townhouse-for/7804829053.html
New Bedroom Basement Suite,"$2,400",Grand Boulevard,https://vancouver.craigslist.org/nvn/apa/d/north-vancouver-new-bedroom-basement/7804828952.html
Open-concept Three Bedroom Townhome at The Hyland,"$4,533","Kensington-Cedar Cottage, East Vancouver",https://vancouver.craigslist.org/van/apa/d/vancouver-open-concept-three-bedroom/7804828498.html
Brand new pet friendly 2 bed 1 bath condo for rent,"$2,995",Vancouver/burnaby,https://vancouver.craigslist.org/van/apa/d/burnaby-brand-new-pet-friendly-bed-bath/7804828306.html
SOCO ONE BEST FLOORPLAN - 2 BED 2 BATH,"$2,700",West Coquitlam,https://vancouver.craigslist.org/van/apa/d/coquitlam-soco-one-best-floorplan-bed/7804823960.html
Individual furnished bedroom upper level,"$1,200",Vancouver,https://vancouver.craigslist.org/van/apa/d/vancouver-individual-furnished-bedroom/7804828031.html
LUXURY WATERFRONT CONDO/ GREAT VIEW / NEWLY RENOVATED,"$3,950",Vancouver,https://vancouver.craigslist.org/van/apa/d/vancouver-luxury-waterfront-condo-great/7798869089.html
fully furnished 1 Bed and 1 Bath,"$1,500","357 W 4TH STREET North Vancouver, BC, V7M 1J2",https://vancouver.craigslist.org/nvn/apa/d/north-vancouver-fully-furnished-bed-and/7802559672.html
Large 1 Bedroom Ground Level Suite incl Heat/Hydro,"$1,600",Maple Ridge,https://vancouver.craigslist.org/pml/apa/d/maple-ridge-large-bedroom-ground-level/7804827062.html
"Playground, Modo Car share, Rooftop Adult Lounge Area","$2,595",city of vancouver,https://vancouver.craigslist.org/van/apa/d/vancouver-playground-modo-car-share/7804250650.html
One Bedroom Suite for rent --- Vancouver--- near Skytrain---,"$1,800",Broadway at Renfrew,https://vancouver.craigslist.org/van/apa/d/vancouver-one-bedroom-suite-for-rent/7804826775.html
Absolutely beautiful 2 Bed 2 Bath highrise Apt in Richmond,"$3,245",1107-3333 Sexsmith Road Richmond,https://vancouver.craigslist.org/rch/apa/d/richmond-absolutely-beautiful-bed-bath/7804824382.html
3 BEDROOM HOME,"$3,000",surrey,https://vancouver.craigslist.org/rds/apa/d/surrey-outer-northwest-bedroom-home/7804826342.html
Spacious Basement Suite for Rent in Surrey BC Newton,"$2,000",Surrey Newton,https://vancouver.craigslist.org/rds/apa/d/surrey-spacious-basement-suite-for-rent/7804826338.html
Refreshed 2bd unit at Newport Quay,"$3,500",vancouver,https://vancouver.craigslist.org/van/apa/d/vancouver-refreshed-2bd-unit-at-newport/7798789439.html
1 Bed 1 Bath + Den  Apartment,"$2,500",vancouver,https://vancouver.craigslist.org/van/apa/d/vancouver-bed-bath-den-apartment/7801663817.html
1bd unit at The Centre of Lougheed,"$2,500",Burnaby,https://vancouver.craigslist.org/bnc/apa/d/burnaby-1bd-unit-at-the-centre-of/7801953065.html
1 Bed 1 Bath Apartment,"$1,900",Burnaby,https://vancouver.craigslist.org/bnc/apa/d/burnaby-bed-bath-apartment/7802188151.html
Metrotown 2 br 2 baths large condo,"$2,800",Burnaby Metrotown,https://vancouver.craigslist.org/van/apa/d/burnaby-metrotown-br-baths-large-condo/7804001479.html
Private room,$780,Vancouver East,https://vancouver.craigslist.org/van/apa/d/surrey-private-room/7801977660.html
One Bedroom Suite with Security-controlled Access at Lonsdale Square,"$2,622","Central Lonsdale, North Vancouver",https://vancouver.craigslist.org/nvn/apa/d/north-vancouver-one-bedroom-suite-with/7804824896.html
Ground level suite for rent,$850,Delta,https://vancouver.craigslist.org/rds/apa/d/delta-northeast-ground-level-suite-for/7804824745.html
Beautiful 3 Bedrooms 1 Den Single house in Burke Mountain,"$4,150",3481 Galloway Ave Coquitlam,https://vancouver.craigslist.org/pml/apa/d/coquitlam-beautiful-bedrooms-den-single/7804824491.html
Renovated studio available for rent,"$1,800",Vancouver,https://vancouver.craigslist.org/van/apa/d/vancouver-renovated-studio-available/7804823562.html
Large 1 Bedroom Suite for Rent,"$1,850",Vancouver,https://vancouver.craigslist.org/van/apa/d/vancouver-large-bedroom-suite-for-rent/7804822861.html
Yaletown Studio for rent,"$2,000",Downtown Vancouver,https://vancouver.craigslist.org/van/apa/d/vancouver-yaletown-studio-for-rent/7804822738.html
High ceiling 2bed2bath+den top floor 5 mins walk to Edmonds Skytrain,"$3,200",Edmonds,https://vancouver.craigslist.org/bnc/apa/d/burnaby-high-ceiling-2bed2bathden-top/7804822663.html
Large Studio with Private Bath/Kitchen Near SkyTrain SFU BCIT For Rent,"$1,400",North Burnaby,https://vancouver.craigslist.org/bnc/apa/d/burnaby-large-studio-with-private-bath/7804101258.html
1 bedroom suite - ground floor,"$1,585",Knight and East 41st ave,https://vancouver.craigslist.org/van/apa/d/vancouver-bedroom-suite-ground-floor/7798864121.html
1 bed 1 bath available,"$2,100",Vancouver,https://vancouver.craigslist.org/van/apa/d/vancouver-bed-bath-available/7804821867.html
2 bedroom basement for rent.,"$2,400",Burnaby,https://vancouver.craigslist.org/bnc/apa/d/burnaby-bedroom-basement-for-rent/7804821492.html
"Tennis Court, 1/BD, Burnaby BC","$2,195","5050 Sanders St, Burnaby, BC",https://vancouver.craigslist.org/bnc/apa/d/burnaby-tennis-court-bd-burnaby-bc/7801778991.html
Studio suite with 1 Bath,"$1,700",Surrey,https://vancouver.craigslist.org/rds/apa/d/surrey-inner-northwest-studio-suite/7804819727.html
"2B 2Ba, Condo-Style Finishes Throughout, 100% Smoke-Free, Great Local!","$2,565","3370 Dewdney Trunk Road, Port Moody, BC",https://vancouver.craigslist.org/pml/apa/d/port-moody-2b-2ba-condo-style-finishes/7800534465.html
TWO Bedroom Basement,"$1,750",Surrey,https://vancouver.craigslist.org/rds/apa/d/surrey-upper-west-two-bedroom-basement/7804819579.html
Furnished 2Bd Suite - Garden Level in Upper Lansdale West,"$3,200",north shore,https://vancouver.craigslist.org/nvn/apa/d/north-vancouver-furnished-2bd-suite/7800242013.html
For Rent: 530 Whiting Way,"$2,200",Coquitlam,https://vancouver.craigslist.org/pml/apa/d/coquitlam-for-rent-530-whiting-way/7804820875.html
Ground Level Suite - New Westminster,"$1,750",The Heights / Walking distance to Royal Columbian Hospital,https://vancouver.craigslist.org/bnc/apa/d/new-westminster-ground-level-suite-new/7804820699.html
"Fitness Facility, LVP flooring, BBQ Area","$3,150",city of vancouver,https://vancouver.craigslist.org/van/apa/d/vancouver-fitness-facility-lvp-flooring/7803645046.html
Apartment for rent,"$2,600",Surrey,https://vancouver.craigslist.org/rds/apa/d/surrey-upper-west-apartment-for-rent/7804818925.html
"New 3Bedroom Condo, SOCO by Anthem","$3,600",Coquitlam,https://vancouver.craigslist.org/van/apa/d/coquitlam-new-3bedroom-condo-soco-by/7801642117.html
Downtown One bedroom - Hudson 610 Granville St,"$3,300",Vancouver,https://vancouver.craigslist.org/van/apa/d/vancouver-downtown-one-bedroom-hudson/7801945549.html
3 bedrooms 2 Bathrooms Ground Level suite,"$2,599",Burnaby,https://vancouver.craigslist.org/pml/apa/d/burnaby-bedrooms-bathrooms-ground-level/7804818604.html
Downtown One bedroom - Hudson 610 Granville St,"$2,950",Vancouver,https://vancouver.craigslist.org/van/apa/d/vancouver-downtown-one-bedroom-hudson/7801828767.html
2 bedroom suite for rent,"$2,299",North Vancouver,https://vancouver.craigslist.org/nvn/apa/d/north-vancouver-bedroom-suite-for-rent/7804818460.html
2 Bed 2 Baths in best location in Richmond,"$3,200",Richmond,https://vancouver.craigslist.org/van/apa/d/richmond-bed-baths-in-best-location-in/7804818426.html
1461 Kingsway,"$1,700",Vancouver,https://vancouver.craigslist.org/van/apa/d/vancouver-1461-kingsway/7804818294.html
Single detached house for rent $9000,"$9,000",Vancouver,https://vancouver.craigslist.org/rch/apa/d/vancouver-single-detached-house-for/7804817763.html
"Exquisite Coach-House Suite in Tsawwassen One Bedroom, One Bathroom","$2,095",Tsawwassen,https://vancouver.craigslist.org/rds/apa/d/delta-exquisite-coach-house-suite-in/7804817679.html
Spacious 1 bed + den,"$1,600",4165 Maywood Street,https://vancouver.craigslist.org/bnc/apa/d/burnaby-spacious-bed-den/7803091526.html
